,Bat_Average,Bowl_Average,Economy,FastScorer,HardHitter,Name,WicketTaker
0,12.142857142857142,34.51111111111111,7.06712172923777,1.0526315789473684,0.5882352941176471,P Kumar,29.3
1,9.75,26.12621359223301,7.0940246045694195,0.8297872340425532,0.3971631205673759,Z Khan,22.097087378640776
2,9.0,35.0,8.4,0.75,0.3333333333333333,AA Noffke,25.0
3,30.3375,34.12307692307692,7.422197434467372,1.0593627237014405,0.5604539502400698,JH Kallis,27.58461538461539
4,6.0,82.0,8.945454545454545,0.375,0.0,SB Joshi,55.0
5,31.322580645161292,81.0,10.565217391304348,1.2545219638242897,0.6873385012919897,CL White,46.0
6,30.619718309859163,0.0,0.0,1.1334723670490094,0.6485922836287801,R Dravid,0.0
7,18.571428571428573,0.0,0.0,1.007751937984496,0.5736434108527132,W Jaffer,0.0
8,39.78181818181818,88.5,8.045454545454545,1.2702467343976778,0.7169811320754716,V Kohli,66.0
9,30.30769230769231,0.0,0.0,1.2389937106918238,0.6477987421383647,MV Boucher,0.0
10,15.2,39.16666666666666,7.305699481865286,1.3333333333333333,0.8771929824561403,B Akhil,32.166666666666664
11,12.91304347826087,28.11,7.982016090866067,1.0569395017793597,0.4626334519572954,R Vinay Kumar,21.13
